id,text,emoji,user_id,created_at
1,Amputation of cervix,Doloritas,497,2021-06-14 07:18:33
2,Micro exam-low urin NEC,Micky,99,2021-02-17 05:59:47
3,Sing source radiosurgery,Karlotta,28,2021-05-29 17:50:31
4,Repair conjunct lacerat,Lorrin,471,2021-05-27 05:37:15
5,Manual removal-placenta,Ase,418,2021-10-06 20:16:24
6,Omt to move tissue fluid,Witty,375,2021-10-02 22:16:32
7,Intravenous pyelogram,Base,228,2021-07-03 06:49:10
8,Close red-int fix toe fx,Catherina,274,2020-11-19 17:47:27
9,Heart aneurysm excision,Camille,261,2020-12-16 20:22:27
10,Lap remove remain ovary,Annemarie,159,2021-01-26 01:53:24
11,Perscr/fit/disp contacts,Rita,214,2021-09-11 20:55:25
12,Excis radius/ulna-graft,Myrwyn,141,2021-06-22 08:55:16
13,Oth bone repa/plast NEC,Henrietta,421,2021-07-06 10:37:32
14,Osteoclasis-metacar/car,Shelton,39,2020-11-09 20:10:28
15,Replace vag diaphragm,Pamella,192,2021-10-01 19:24:45
16,Heterograft to skin,Carlita,439,2020-12-15 15:24:23
17,Remove head/neck sutures,Whitaker,175,2020-10-22 17:27:23
18,Cystoscopy NEC,Del,244,2021-09-25 22:24:11
19,Intra-abd sm bowel manip,Conway,22,2021-03-03 22:05:13
20,Rem epiretinal prosth,Kirby,260,2020-11-29 18:48:43
21,Suture of rectal lacer,Daniela,132,2021-01-10 07:44:21
22,Character analysis,Gayelord,40,2021-08-02 18:05:24
23,Intraven cholangiogram,Hedwig,8,2021-05-11 13:14:49
24,Bilat endos occ tube NEC,Ethe,172,2021-01-09 05:27:52
25,Exc splenic lesion/tiss,Rosalie,190,2021-04-26 00:53:02
26,Hemorr contrl post T & A,Flossie,255,2020-11-16 07:07:16
27,Lap remove both ovaries,Shaylah,46,2020-12-27 14:07:29
28,Mastoidectomy revision,Sibylle,237,2021-05-10 02:43:39
29,Ext version-assist deliv,Laurene,421,2021-01-16 00:11:30
30,Pyloromyotomy,Dalli,319,2021-10-11 09:52:49
31,Limb length proc-humerus,Fannie,212,2021-03-01 13:58:43
32,Osteoclasis-humerus,Haroun,358,2020-11-10 12:08:54
33,Reopen craniotomy site,Noelyn,409,2020-12-26 07:57:13
34,Surg corr invert uterus,Ellwood,318,2021-07-01 08:50:10
35,Cl fx reduc-tibia/fibula,Aaren,8,2020-11-21 06:46:53
36,Clos reduct tm dislocat,Harwell,243,2021-05-22 13:00:33
37,Tooth extraction NEC,Janaye,403,2021-07-10 23:38:23
38,Subarach-ureteral shunt,Dniren,460,2021-09-05 13:58:34
39,Oth cerv fusion ant/ant,Tessa,17,2020-12-05 16:09:26
40,Fit leg prosthesis NOS,Isabella,427,2021-03-05 00:42:34
41,Autoimmune dis immunizat,Mauricio,367,2021-07-16 16:12:02
42,Tibia & fibula biopsy,Douglass,484,2021-07-11 19:49:39
43,Mri spinal canal,Cristal,215,2021-04-18 01:09:18
44,Tetanus toxoid administ,Honor,273,2020-12-16 15:22:14
45,Tot ostect-metatars/tars,Rozella,470,2020-10-28 01:27:37
46,Marrow diagnost proc NEC,Gilda,427,2021-08-02 23:14:59
47,Shoulder arthroplast NEC,Sal,318,2021-09-18 18:26:05
48,Abltn liver les/tiss NEC,Jacquenetta,202,2020-11-25 02:47:14
49,Partial shoulder replace,Tisha,171,2021-09-26 10:20:46
50,Trnsapcl repl pulm valve,Woodie,359,2021-10-08 15:43:30
51,Ureth reconstruction NEC,Alyce,448,2021-07-17 05:50:38
52,Eye enuc/implan/musc att,Samuel,479,2020-12-03 09:04:29
53,Ventricl shunt-head/neck,Rayshell,72,2021-04-28 00:36:58
54,Partial esophagectomy,Ephraim,92,2021-06-11 06:53:36
55,Osteoclasis NOS,Frederigo,435,2021-01-04 18:44:15
56,Lung laceration closure,Jud,44,2021-04-12 00:22:31
57,Oth trachea dx procedure,Garrard,23,2021-01-31 02:02:16
58,Destruct chest wall les,Alena,310,2021-05-02 16:58:52
59,Repair vag fistula NEC,Mellisa,317,2021-01-28 22:34:43
60,Percutan aspiration gb,Jandy,168,2021-07-23 02:52:22
61,Culture-bili/pancreas,Annamaria,331,2021-07-06 08:47:27
62,Heart countershock NEC,Mariele,378,2021-07-06 19:07:26
63,IVUS coronary vessels,Cordie,242,2021-06-09 04:52:45
64,"Exc/des hrt les,endovasc",Christian,285,2021-06-25 07:05:37
65,Blood vessel dx proc NEC,Marinna,375,2020-12-24 18:08:28
66,Hip structure division,Brook,112,2021-04-10 20:24:33
67,Totl reconst breast NEC,Vince,265,2021-04-03 12:54:21
68,Foot reattachment,Wesley,257,2021-03-29 13:23:45
69,Sm bowel-rect stump anas,Jereme,198,2021-09-12 05:54:44
70,Cell blk/pap-lower urin,Alva,163,2021-09-20 13:39:13
71,Transfer of finger,Karl,470,2021-03-10 07:29:44
72,Rigid proctosigmoidoscpy,Dorothee,223,2020-11-05 23:52:59
73,Hip structure division,Hunt,294,2021-09-04 03:01:32
74,Open reduc-knee dislocat,Sonnnie,90,2021-05-20 10:24:27
75,Inject implant urethra,Merline,31,2021-07-30 20:27:24
76,Percu bx gb/bile duct,Meghan,157,2021-10-04 19:10:04
77,Lg bowel dx proced NEC,Emilia,311,2021-05-19 12:32:50
78,Range of motion testing,Xylia,443,2021-10-17 22:40:25
79,Repair ob lacerat cervix,Agosto,102,2020-12-14 01:30:39
80,Bilat reduct mammoplasty,Filide,249,2021-05-21 20:18:20
81,Pericardiectomy,Suzie,262,2020-12-10 13:47:14
82,Suture of palate lacerat,Uriel,379,2021-06-16 22:52:17
83,Nephrocystanastomosi NOS,Hobart,482,2021-01-22 13:12:31
84,Complete thyroidectomy,Edithe,247,2021-02-06 06:53:15
85,Parasitology-eye,Fredrika,17,2021-05-01 03:08:10
86,Insert infusion pump,Riannon,428,2021-09-27 16:16:16
87,Periprostatic biopsy,Gayla,209,2021-01-08 03:49:01
88,Ankle structure division,Gunther,150,2020-12-20 04:46:18
89,Perc ather intracran vsl,Gib,425,2021-07-25 15:24:52
90,Abdominal wall biopsy,Rubin,472,2021-06-07 17:57:42
91,Femoral division NEC,Amalita,457,2020-12-15 22:51:06
92,Repair oval/round window,Rozalin,268,2020-11-20 07:33:40
93,Bursectomy of hand,Wilek,433,2021-05-28 21:01:16
94,Ant nasal pack for epist,Phedra,312,2020-12-05 12:38:51
95,Pancreat sphincterotom,Benedick,486,2021-07-21 16:52:34
96,Refus oth cerv post/post,Saidee,249,2021-01-18 11:11:18
97,Hand & finger arthroscop,Christi,125,2021-03-29 11:04:50
98,Disarticulation of knee,Rex,29,2021-04-15 20:10:01
99,Limb lengthen proc NOS,Corinna,471,2020-10-31 23:59:12
100,Intest stoma closure NOS,Oran,317,2021-06-29 01:53:47
101,Remov retroperiton drain,Westley,500,2020-12-26 11:01:07
102,Occlude abd vein NEC,Chet,447,2021-04-26 19:33:38
103,Transab sm bowel endosc,Albrecht,428,2021-07-20 13:33:34
104,Scrot/tunica dx proc NEC,Charlot,135,2021-05-26 16:48:55
105,Dx procedure thorax NEC,Kerry,107,2020-12-22 04:36:51
106,Ventr septa def rep NEC,Jackie,68,2021-02-05 09:36:29
107,Gracilis musc transplan,Ronny,188,2020-10-22 15:13:29
108,Lacrim sac/passage excis,Marcus,498,2021-03-08 17:00:19
109,Full-thick grft to mouth,Dewie,467,2021-09-23 04:18:06
110,Excision hand muscle les,Jen,276,2021-09-30 15:35:53
111,Vertebral fx repair,Libbie,447,2021-03-15 12:29:08
112,Leg vein excision,Gustave,439,2021-04-21 21:02:41
113,Evac ob inc hemat perin,Benjamen,268,2021-06-29 21:27:05
114,Middle ear incision,Windham,407,2021-05-09 11:58:15
115,Endosc inser nasobil tub,Antone,425,2020-11-02 17:56:38
116,Other chest cage incis,Boyd,20,2021-04-23 20:41:36
117,Urethral dx proc NEC,Terri,492,2021-08-11 06:24:29
118,Repair perirect fistula,Valentin,208,2020-11-05 02:34:23
119,Reduction facial fx NOS,Kane,141,2021-04-14 13:16:51
120,Perirectal excision,Phillipp,59,2021-07-04 19:54:14
121,Small bowel fixation NEC,Leland,248,2021-07-10 09:08:55
122,Facilit intraoc circ NEC,Bentlee,224,2021-09-11 21:18:31
123,Cardiopulm resuscita NOS,Milo,175,2020-12-18 02:40:00
124,Remove imp device-femur,Carling,168,2021-09-01 04:15:23
125,Unilat fallop tube destr,Irena,12,2021-03-14 04:49:58
126,Remov urin drainage NEC,Joni,269,2021-10-04 02:41:37
127,Decompress trigem root,Essie,489,2020-12-24 05:40:28
128,Lysis pharyngeal adhes,Amabelle,311,2020-12-16 02:38:29
129,Impl fallop tube prosth,Urbanus,151,2021-08-24 14:18:38
130,Bone graft NEC,Hillery,325,2021-09-25 22:04:17
131,Lid reconstruction NOS,Georgeta,240,2020-10-27 21:01:23
132,Skel xray-thigh/knee/leg,Dulcine,203,2021-01-10 12:43:53
133,Toxicology-eye,Kelsey,222,2020-11-10 11:22:39
134,Rubella vaccination,Johnette,249,2021-06-19 13:31:55
135,Upper limb vessel incis,Ferris,166,2021-09-09 08:10:50
136,Iris biopsy,Marcela,215,2020-11-07 02:02:46
137,Oth simple suture ovary,Wendy,336,2021-03-03 22:05:00
138,Fit leg prosthesis NOS,Hayes,22,2020-10-27 13:59:35
139,Limited rhinoplasty,Alessandro,407,2020-12-30 11:26:44
140,Sm bowel endoscopy NEC,Abbe,64,2021-05-09 04:32:28
141,Hyperthermia ca therapy,Zak,294,2021-01-31 08:10:16
142,Oth extraoc mus-tend op,Emile,129,2021-05-01 03:04:01
143,Deciduous tooth extract,Helge,346,2021-03-15 00:31:03
144,Rad node dissection NOS,Jerrilee,306,2021-05-19 09:28:40
145,Marsupializat liver les,Heath,403,2021-02-27 07:17:55
146,Tooth extraction NEC,Marillin,237,2020-10-26 09:36:11
147,Culture-endocrine,Ardelis,367,2020-12-26 01:37:33
148,Oth humerus repair/plast,Emylee,125,2021-09-06 02:36:09
149,Behavior therapy,Ahmed,471,2021-07-11 19:07:30
150,Cell block/pap-lowr resp,Ileana,404,2021-04-20 03:33:32
151,Other plastic ops muscle,Batholomew,448,2020-12-01 14:32:51
152,Bronchial lacerat suture,Claus,89,2020-12-22 21:11:25
153,Complete laryngectomy,Rogers,66,2021-06-19 15:49:34
154,Lacrimal sys dx proc NEC,Bayard,38,2020-12-27 15:50:44
155,Musc/fasc excis for grft,Umberto,407,2021-04-11 13:28:36
156,Ext version-assist deliv,Ruthi,131,2021-09-04 22:53:42
157,Oth part excision thymus,Cecilius,186,2021-06-30 00:19:04
158,Endosc destruc esoph les,Sile,338,2021-02-26 17:14:38
159,Conjunctivorhinos w tube,Shell,31,2021-06-16 08:23:22
160,Percutaneous chordotomy,Husain,388,2020-11-26 18:09:21
161,Eye examination NOS,Pierette,249,2021-10-04 07:54:22
162,Oth reimplant of ovary,Rafael,351,2021-02-28 09:37:43
163,Coron vess aneurysm rep,Norton,252,2021-10-10 15:19:49
164,Marsupializat liver les,Reynolds,20,2021-04-11 16:08:39
165,Digestive tract xray NEC,Estelle,91,2021-01-25 23:08:02
166,Ureterotomy,Broderick,304,2021-06-04 06:26:14
167,Endosc sm bowel thru st,Nolan,212,2021-02-27 13:44:33
168,General physical exam,Ganny,1,2021-02-03 01:54:34
169,Aortocor bypas-3 cor art,Rollo,141,2021-05-28 04:28:24
170,Clubfoot release NEC,Beatrice,321,2021-01-10 11:33:45
171,Esophageal operation NEC,Enos,188,2021-09-22 07:16:27
172,Replace ventricle shunt,Tatiania,367,2021-08-10 16:38:12
173,Open reduc-int fix femur,Marissa,345,2021-08-03 12:36:06
174,Open reduc-humerus fx,Stanleigh,265,2021-06-03 06:57:18
175,Open ureteral biopsy,Marge,374,2021-06-26 12:17:38
176,Ventricl shunt tube punc,Hamnet,210,2021-05-29 14:35:42
177,Perc robotic assist proc,Lucinda,230,2020-12-31 12:56:28
178,Tonsil/adenoid ops NEC,Kimberlyn,453,2021-07-22 10:26:26
179,Insert testicular prosth,Torin,17,2021-05-12 01:27:52
180,Micro exam NOS,Evonne,487,2021-02-28 08:30:04
181,Oth rad/uln repair/plast,Charlene,462,2021-08-30 03:58:31
182,Closure of tracheostomy,Kristo,147,2021-04-08 07:40:45
183,Multiple sinus incision,Tuck,158,2021-06-26 22:56:00
184,Opn red-sep epiphy-humer,Eudora,22,2021-04-21 22:37:45
185,Insert bone stimul-chest,Vincenz,35,2021-08-28 13:56:43
186,Int or repl perm pacemkr,Edna,420,2021-08-01 23:02:49
187,Adrenal operation NEC,Ondrea,109,2021-01-06 22:33:48
188,Excis spinal cord lesion,Pauly,191,2020-11-05 03:03:20
189,Other bone dx proc NEC,Archibald,288,2021-03-21 11:57:49
190,Dye hysterosalpingogram,Inessa,134,2021-07-02 13:02:15
191,Drug detoxification,Felice,98,2021-10-18 09:55:28
192,Prosthet dental implant,Ariana,326,2021-07-31 01:21:58
193,Lower GI series,Henka,46,2021-03-27 04:31:11
194,"Dilate pylorus, incision",Stephen,422,2021-03-19 12:01:40
195,Inject rh immune globul,Arnie,439,2021-06-04 12:12:37
196,Urinary manometry,Inglebert,294,2021-06-02 14:41:42
197,Revise sm bowel anastom,Bendick,367,2021-09-18 00:58:10
198,Dark adaptation study,Mace,157,2021-09-01 15:42:06
199,Oth bone repa/plast NEC,Hurlee,126,2020-11-05 17:09:52
200,Repair of hammer toe,Ellen,238,2021-06-26 16:02:43
201,Oth tu destr pros - rt,Roxanne,209,2021-07-24 13:28:25
202,Implanted lens removal,Hymie,193,2021-06-16 10:04:17
203,Vaginal vault obliterat,Jami,459,2021-08-03 20:21:55
204,Revis inner ear fenestra,Jackqueline,243,2021-09-06 06:11:30
205,Nasal biopsy,Robinette,453,2021-08-23 22:36:01
206,Repair of thymus,Idette,469,2021-01-03 22:11:56
207,Mand orthognathic op NEC,Brooks,360,2021-06-26 12:02:05
208,"Hip surface, cermc/poly",Gaston,140,2020-12-12 00:11:41
209,Other vaginal dilation,Remington,21,2021-08-04 04:12:58
210,Rev hip repl-acetab/fem,Selinda,284,2021-09-28 05:05:38
211,Excise minor les lid NEC,Nixie,168,2020-11-27 03:49:46
212,Incisional hernia repair,Jeannette,372,2020-12-17 06:43:30
213,Insert tissue expander,Marmaduke,245,2021-03-22 11:01:48
214,Inject bursa of hand,Selby,140,2021-04-28 16:52:00
215,Lap gastric restric proc,Marcel,84,2021-07-08 21:52:39
216,Cervical fistula repair,Latashia,496,2020-11-15 17:45:18
217,Freeing of vessel,Jennine,351,2021-10-04 16:10:01
218,Pineal gland incision,Fritz,293,2021-03-11 15:00:52
219,Salivary duct probing,Ximenes,142,2020-10-23 09:49:44
220,Trnsapcl rep aortc valve,Wainwright,500,2021-04-29 15:38:55
221,Aquapheresis,Isac,364,2020-11-29 03:37:51
222,Fallopian tube dilation,Vinni,102,2021-06-04 23:23:30
223,Refus oth cervcl ant/ant,Elmira,72,2021-07-19 16:45:49
224,Tibia/fibula sequestrec,Kaspar,314,2021-02-12 11:29:28
225,Joint biopsy NOS,Winslow,111,2020-11-11 02:48:50
226,Percutan aspiration gb,Leelah,337,2021-03-18 18:04:30
227,Urinary manometry,Nealy,239,2021-02-12 02:16:54
228,Destruc-foot jt les NEC,Nobie,451,2021-07-02 01:04:18
229,Cardiac retraining,Saidee,227,2021-04-15 22:46:28
230,Repair of thymus,Melodee,223,2021-02-28 16:40:10
231,C-luc exc max sinus les,Savina,108,2021-07-01 18:47:26
232,Excise lg intestine les,Indira,464,2021-04-07 18:35:21
233,Retinal tear diathermy,Ripley,428,2021-02-03 03:40:16
234,Corneal dx proc NEC,Harriott,201,2021-01-12 14:19:53
235,Rev knee replace-patella,Austin,431,2021-06-28 10:25:23
236,Pacemaker rate check,Osmond,112,2021-10-10 04:20:56
237,Oth vagin pessary insert,Ariadne,220,2021-03-06 18:21:23
238,App ext fix dev-ring sys,Stephine,309,2021-07-11 21:35:27
239,Abd vein resect w replac,Burt,88,2021-02-19 07:57:56
240,Impl intraoc telesc pros,Tomaso,305,2021-08-08 01:06:03
241,Transfer of finger,Brnaby,14,2021-01-25 12:13:17
242,Thymus field exploration,Kikelia,270,2020-10-21 21:03:47
243,Lg-to-lg bowel anastom,Richmound,222,2021-07-06 07:01:08
244,Other fasciectomy,Fletcher,87,2021-02-18 04:08:28
245,Open prostatic biopsy,Cammie,229,2021-01-04 17:39:01
246,Cell blk/pap-upper GI,Dagmar,386,2021-08-22 06:45:58
247,Revis cutan ileoureteros,Amos,31,2021-08-26 01:14:43
248,Implant mechanic kidney,Lizabeth,383,2021-09-14 02:07:30
249,Scler fistulizing op NEC,Kizzie,1,2021-03-11 16:38:18
250,Closed ureteral biopsy,Audrie,261,2021-09-12 08:51:13
251,Cardiotomy,Silas,338,2021-01-14 03:49:28
252,Excise femur for graft,Aaren,267,2021-02-16 10:17:18
253,Nonmag remov post seg FB,Anitra,50,2021-01-06 17:09:44
254,Other fasciectomy,Aldon,64,2021-06-06 16:49:34
255,Ext fat for grft/banking,Jill,300,2020-10-25 03:15:36
256,Revis ureteroenterostomy,Cristina,421,2021-03-30 19:04:36
257,Destr inject-spine canal,Malachi,389,2021-07-03 21:29:08
258,Total hepatectomy,Thaddeus,304,2021-06-25 05:02:52
259,Large bowel incision,Shandee,439,2020-12-08 10:21:41
260,Graft repair ventric def,Saloma,121,2021-07-28 10:26:10
261,Parasitology-lymph sys,Elora,1,2021-03-07 08:25:04
262,C & s-upper GI,Killy,159,2021-10-13 20:39:33
263,Remov urethral stent,Maressa,482,2021-02-16 06:46:50
264,Cataract extraction NEC,Karita,272,2021-04-06 14:07:10
265,Pancreatic homotransplan,Gael,51,2021-02-15 23:30:47
266,Periprostatic excision,Lothario,178,2021-02-21 12:20:46
267,Anal biopsy,Guthrie,144,2021-10-02 18:00:54
268,Contr thor arteriogr NEC,Ysabel,195,2021-01-10 02:09:15
269,Dental restoration NEC,Dinny,379,2021-08-06 10:15:45
270,Amputation through foot,Stanford,220,2021-02-01 22:41:33
271,Injec air-periton cavity,Demetrius,6,2021-08-29 01:11:44
272,Remove eye prosthesis,Finn,323,2021-01-20 08:18:06
273,Subtotal mastectomy,Klemens,72,2020-11-30 22:16:22
274,Thorac esophag anast NEC,Fina,167,2021-05-29 14:26:27
275,Bicycle ergometer test,Helen-elizabeth,60,2021-01-29 11:38:15
276,Cysto & recto w grf/pros,Roldan,307,2020-12-04 18:33:03
277,Electromyography,May,160,2021-04-11 02:23:28
278,Suture tendn sheath hand,Philippe,432,2021-04-15 23:52:50
279,Excise ciliary body les,Conn,308,2021-04-13 03:26:45
280,"Oth exc, fus, repair toe",Velma,49,2021-08-10 11:00:41
281,Replace lower limb cast,Tiebold,423,2020-11-09 08:49:52
282,Nasal sinus fistula clos,Estella,187,2021-06-05 00:16:25
283,Remve ext hrt assist sys,Quincy,20,2021-03-31 23:01:18
284,Epiglottidectomy,Abbe,250,2021-09-12 15:27:50
285,Removal superfic FB eye,Pincas,224,2021-01-30 17:04:00
286,Orthovoltage radiation,Gwendolen,496,2020-12-10 20:58:05
287,Dx ultrasound-grav uter,Trumaine,134,2020-12-16 14:55:43
288,Eye enuc/implan/musc att,Wally,220,2021-01-15 05:21:45
289,Drain appendiceal absc,Torr,28,2020-11-25 10:17:18
290,2nd op post eye rem NEC,Wilone,303,2021-09-06 00:17:02
291,Skull biopsy,Ariel,439,2021-02-05 15:15:39
292,Lacrimal sys dx proc NEC,Loy,353,2021-09-24 18:57:00
293,Abltn liver les/tiss NEC,Annnora,381,2021-05-12 05:18:21
294,IVUS coronary vessels,Elena,224,2021-05-02 13:10:51
295,Conjun cul-de-sac rx NEC,Germain,377,2021-01-07 05:01:12
296,Cervical fistula repair,Drusie,17,2021-10-09 05:59:13
297,Bilateral nephrectomy,King,245,2020-12-13 12:54:50
298,Excision of lip les NEC,Fairfax,67,2021-02-11 16:12:54
299,Micro exam-uppr urin NEC,Odo,148,2020-10-22 03:36:04
300,Repl pacem w dual-cham,Erminia,72,2021-10-07 07:25:42
301,Rev hip repl-liner/head,Ally,188,2020-12-14 08:27:46
302,Other parathyroid ops,Batholomew,293,2021-02-01 05:11:41
303,Other myectomy of hand,Joseito,166,2020-10-28 14:31:11
304,Chest cage bone div NEC,Jo,444,2020-12-18 05:16:19
305,Tm manipulation NEC,Abel,80,2021-07-26 06:38:14
306,Endosc dil pancreat duct,Efren,14,2021-05-25 17:58:38
307,Close appendiceal fistul,Valencia,110,2021-08-01 07:44:55
308,Ureth stricture release,Corny,448,2021-06-09 12:00:48
309,Removal brain stim lead,Fran,338,2021-06-22 13:32:45
310,Closed rectal biopsy,Florence,110,2021-02-19 21:43:20
311,Esophag speech training,Washington,240,2021-01-22 16:54:34
312,Oth conjunc destruc proc,Wilow,208,2021-04-20 17:03:08
313,Small bowel series,Robbyn,136,2021-04-25 11:53:02
314,Tot exc pituit-transfron,Willyt,243,2021-07-08 13:11:14
315,Magnetic res image unsp,Delila,83,2021-03-01 06:11:21
316,Resp tract intubat NEC,Cobby,145,2021-09-27 03:11:38
317,Open reduc-wrist disloc,Giordano,275,2021-10-04 20:52:46
318,Oth metatars/tars incis,Berenice,287,2021-09-05 18:17:15
319,Whirlpool treatment,Lynea,10,2021-02-26 13:19:21
320,Limb shorten proc NOS,Nike,286,2021-02-23 14:44:51
321,Other plastic ops tendon,Zitella,324,2021-07-03 05:17:25
322,Culture-ent/larynx,Elyn,196,2021-07-10 18:43:23
323,Remove solitary testis,Duffy,423,2020-10-27 02:32:57
324,Oth metac/carp rep/plast,Teddie,496,2021-03-26 07:24:14
325,Close gastric fistul NEC,Zsa zsa,243,2021-09-10 09:49:30
326,Replace pyelostomy tube,Phoebe,242,2020-12-19 02:51:53
327,Postop revis scl fistul,Towney,388,2021-07-19 15:58:22
328,Chest wall biopsy,Paige,172,2021-01-14 01:06:13
329,"Omt with lo-vel,hi-ampli",Barby,95,2021-03-24 19:48:02
330,Other speech therapy,Brina,157,2021-02-17 05:19:53
331,Aortocor bypas-1 cor art,Brandise,162,2020-12-31 03:05:15
332,Trabeculectom ab externo,Ginevra,238,2021-05-04 18:16:41
333,Wedge osteotomy NOS,Joellen,491,2021-10-05 02:09:30
334,Finger reattachment,Jobyna,298,2021-04-07 12:56:39
335,Intracapsul lens ext NEC,Delila,383,2021-03-23 11:27:28
336,Occlude leg vein NEC,Josy,180,2021-03-01 07:03:38
337,Parasitology-lower resp,Henderson,290,2021-09-12 13:42:30
338,Anal incision NEC,Radcliffe,185,2021-07-22 16:05:00
339,Remove cervical cerclage,Maryl,282,2021-08-13 15:09:06
340,Open brain biopsy,Trina,485,2021-10-08 10:35:19
341,"Hip surface, metal/metal",Gauthier,351,2020-12-30 02:33:18
342,C & s-endocrine,Kathi,464,2020-10-22 11:43:45
343,Ins nondrug elut cor st,Marja,99,2021-02-28 17:38:50
344,Hemorrhoid evacuation,Leonard,480,2021-10-17 04:05:26
345,Pressure dressing applic,Lazar,269,2021-09-11 00:42:07
346,Musc or tend stretching,Kissie,361,2021-01-31 10:19:33
347,Electroshock therapy NEC,Corbin,473,2021-04-03 14:18:52
348,Conjunctiva incision NEC,Wilfrid,379,2021-06-28 01:23:18
349,Hair transplant,Roslyn,493,2021-07-29 09:41:39
350,Tu bladder clearance,Tome,474,2021-01-29 03:44:25
351,Debrid opn fx-tibia/fib,Fidelia,448,2020-12-07 08:06:12
352,Excis les lacrimal gland,Esma,349,2021-10-02 12:35:28
353,Partial ureterectomy,Alick,359,2021-04-03 14:25:53
354,Loc excis esoph divertic,Dannie,416,2020-12-03 22:36:31
355,Ant segment dx proc NEC,Dmitri,315,2021-09-06 06:57:55
356,Destruc-foot jt les NEC,Ginnie,126,2021-05-02 08:28:42
357,Fallopian tube dilation,Rudolfo,143,2021-08-19 04:55:27
358,Linear craniectomy,Maximilian,339,2021-07-30 03:41:07
359,Infundibulectomy,Helenelizabeth,224,2021-04-28 20:18:50
360,Oth remove ovaries/tubes,Goldi,234,2020-11-02 21:53:15
361,Repair of rectum NEC,Guinevere,304,2021-08-26 02:23:02
362,Facial bone reconstr NEC,Eadie,128,2021-07-16 02:46:46
363,Transphen pituitary bx,Tallie,53,2021-01-16 09:46:16
364,Limb shorten proc NEC,Alisa,228,2021-06-08 22:20:09
365,Perineal urethroscopy,Chicky,321,2021-04-05 11:44:59
366,Cvp monitoring,Tiebout,164,2021-03-31 09:30:21
367,Thor rep-diaph hern NOS,Catharina,381,2021-05-10 17:45:27
368,Manual muscle funct test,Ramonda,240,2021-03-22 23:42:58
369,Excis deep cervical node,Kordula,335,2021-03-25 18:39:28
370,Remove impl device NEC,Sharai,109,2021-05-23 12:09:43
371,Whole blood transfus NEC,Rhetta,381,2020-11-07 12:39:54
372,Thorac esophagocolos NEC,Laurena,409,2021-03-18 06:31:24
373,Extracorporeal memb oxy,Stefanie,416,2020-11-20 19:03:42
374,Ureteroscopy,Debbie,1,2021-08-18 17:20:40
375,Thoracic vessel inc NEC,Gage,409,2021-03-13 08:08:15
376,Uterine les destruct NEC,Ara,288,2021-04-13 22:38:20
377,Inject hormone NEC,Hedwiga,385,2021-07-03 15:23:46
378,Vasc proc revision NEC,Thornie,487,2021-01-30 16:21:31
379,Clos transureth bladd bx,Ida,287,2021-07-14 04:45:58
380,Intestinal incision NOS,Terri-jo,270,2021-07-29 03:48:53
381,Small bowel suture NEC,Nanon,332,2021-06-11 18:32:48
382,Epilation of skin,Stefa,111,2021-03-30 16:35:23
383,Pulmon art wedge monitor,Garek,6,2021-05-27 15:50:34
384,Oth remove both ovaries,Dalton,156,2021-05-05 00:27:13
385,Pacemaker impedance chck,Adele,252,2021-08-20 05:00:49
386,Choledochoenterostomy,Daphne,372,2020-12-02 12:00:54
387,Interat ven retrn transp,Aaren,2,2021-09-15 18:41:20
388,Arthroplasty carpal wit,Flss,297,2021-02-21 01:26:25
389,Lap right hemicolectomy,Stillman,17,2021-02-26 22:01:55
390,Excise bone for grft NOS,Maryrose,87,2021-01-22 03:36:35
391,Contrast aortogram,Julius,334,2021-01-12 14:09:20
392,Excision intervert disc,Jaquelin,303,2021-02-05 01:37:10
393,Hand skin graft NEC,Mindy,89,2021-06-16 18:26:13
394,Vaccination/innocula NEC,Willabella,294,2021-01-18 20:21:13
395,Abdperneal res rectm NOS,Veronique,374,2020-11-09 09:15:28
396,Applic ext fix dev-femur,Cassius,89,2020-12-03 18:48:36
397,Corneal incision,Ron,12,2021-01-05 01:55:58
398,Spinal patch,Casey,17,2021-02-17 06:13:02
399,Endosc destr stomach les,Clio,136,2021-07-28 05:25:59
400,Op red-radius/uln epiphy,Gregory,301,2021-05-14 20:02:36
401,Vagotomy NOS,Aldric,301,2021-03-07 14:53:54
402,Colostomy NOS,Siegfried,88,2021-03-23 01:31:23
403,Leg artery resect/anast,Amy,324,2021-02-14 13:53:34
404,Retinal tear diathermy,Aylmar,231,2021-09-14 12:54:19
405,Dx ultrasound-heart,Reinaldos,383,2021-10-04 14:54:38
406,"Exc/des hrt les,endovasc",Breanne,274,2021-01-05 06:29:44
407,Periurethral incision,Syd,388,2021-08-05 08:10:06
408,Cataract frag/aspir NEC,Chelsae,309,2021-04-06 13:20:12
409,Revision of pedicle grft,Fernanda,143,2021-03-03 12:50:49
410,High forceps w episiot,Normie,450,2021-08-19 18:19:31
411,Appendicostomy,Shirley,22,2020-10-20 12:31:35
412,Patellar stabilization,Virge,481,2020-12-06 15:01:46
413,Perc extrac com duc calc,Ilario,405,2021-03-08 14:32:26
414,Inject tranquilizer,Stan,240,2021-05-23 14:50:51
415,Tympanosympathectomy,Guthrey,397,2021-09-25 05:53:17
416,X-ray of gravid uterus,Malinde,358,2021-04-05 05:17:42
417,Upper limb amputat NOS,Lennie,139,2021-05-15 11:12:25
418,Retrobulbar injection,Olympie,246,2021-04-02 23:09:55
419,Knee arthroscopy,Cori,105,2021-01-02 15:49:05
420,Cesarean section NOS,Barrie,497,2021-04-13 18:00:02
421,Wedge osteotomy NEC,Fleur,4,2020-11-01 03:17:01
422,Decompress trigem root,Judon,478,2021-02-22 18:12:44
423,Rt & lt heart angiocard,Massimiliano,458,2021-10-10 23:14:39
424,Vena cav angiocardiogram,Junie,401,2021-05-14 03:43:18
425,Enterovesico fist repair,Jocko,117,2021-01-12 01:36:17
426,Local destruc trach les,Lorianne,263,2021-06-10 08:39:09
427,Scrotal fistula repair,Kelby,248,2021-08-12 22:33:20
428,Other repair of ankle,Aime,170,2021-01-13 17:34:13
429,Pharyngeal dilation,Humfrey,177,2021-05-03 18:34:33
430,Part ostect-metacar/car,Marshall,37,2021-07-16 19:06:44
431,Orbitotomy NEC,Issy,412,2021-05-01 01:32:06
432,Insert biological graft,Jenilee,277,2021-07-05 13:30:49
433,Replace cystostomy tube,Jorey,170,2021-06-04 18:23:16
434,Esophagoscopy by incis,Barbra,162,2021-02-21 01:14:42
435,Intrauterine transfusion,Theodosia,8,2021-02-15 19:17:47
436,Repl pacem w dual-cham,Any,374,2021-10-10 11:13:47
437,Insert disc pros NOS,Ibbie,226,2020-12-13 19:53:18
438,Finger reattachment,Karolina,22,2020-11-10 21:56:09
439,Arm vessel resect/anast,Henri,442,2020-12-04 19:55:06
440,Tooth restor by filling,Alisander,106,2021-03-22 11:56:06
441,Toxicology-lower urinary,Marga,96,2020-12-05 00:36:47
442,Conduit rt vent-pul art,Kalie,53,2021-10-05 00:21:57
443,Excise epididymis cyst,Jacquenetta,472,2020-12-05 16:25:29
444,Late repair per nerv inj,Anastasia,89,2021-05-13 21:58:30
445,Wrist joint biopsy,Rina,211,2021-04-04 22:01:45
446,Hypo-epispadius repair,Byrom,357,2021-01-29 19:23:10
447,Limb length-metacar/car,Mirilla,206,2020-11-04 02:23:55
448,Musc/tend lng change NEC,Idell,257,2021-03-12 01:34:13
449,Culture-endocrine,Carola,261,2021-05-24 23:25:29
450,Auxiliary liver transpl,Benni,132,2020-12-30 21:29:51
451,Replantation of scalp,Esta,327,2021-04-14 21:51:10
452,Ins part disc pros cerv,Kennan,149,2021-04-29 00:34:32
453,Quadricepsplasty,Minerva,85,2020-10-25 11:02:41
454,Glaucoma testing,Sascha,178,2021-04-30 17:51:50
455,Lid marg recon-part thic,Celia,125,2021-02-03 13:03:48
456,Int insert dual-cham dev,Franny,160,2020-12-15 08:35:22
457,Activ musculosk exer NEC,Abby,166,2021-10-02 19:10:31
458,Endosc destruc lung les,Spike,67,2021-03-18 00:00:02
459,Individ psychotherap NEC,Maisey,410,2021-02-01 18:11:42
460,Contrast phlebogram NOS,Hal,148,2021-08-09 10:01:43
461,Digestive tract xray NEC,Antoinette,236,2021-02-05 15:33:21
462,Operation on eyeball NEC,Myrtie,176,2020-11-19 16:33:47
463,Remov urin drainage NEC,Gilbertina,340,2021-10-15 03:31:00
464,Repair facial weakness,Penni,391,2021-01-17 22:08:26
465,Ther ult peripheral ves,Sharia,68,2021-08-05 07:06:45
466,Contr phlebogram-hd/neck,Hube,463,2021-07-01 01:22:54
467,Orchiopexy,Nathanial,424,2020-12-14 05:49:23
468,Ovarian biopsy NEC,Paulita,235,2021-07-03 23:33:31
469,Suture of tracheal lacer,Mose,465,2021-06-30 04:24:14
470,Amputation stump revis,Kore,131,2021-05-10 18:30:59
471,Cord bld stem cell trans,Babb,212,2021-05-21 11:33:48
472,Exc of accessory spleen,Arther,335,2021-01-03 23:14:40
473,Ext ear diagnos proc NEC,Tuckie,381,2021-01-17 03:53:22
474,Abdominal artery excis,Marty,265,2021-07-19 13:57:28
475,Tot face bone ostect NEC,Ashley,32,2021-04-07 20:56:32
476,Remov imp device-patella,Burton,439,2021-04-25 04:23:16
477,Hemorrhoid procedure NEC,Diann,499,2020-11-09 14:54:33
478,Upper limb endarterectom,Penny,299,2021-02-22 08:49:15
479,Pteryg exc w cornea grft,Brenna,68,2021-08-19 13:18:46
480,Hepatic dx proc NEC,Ford,403,2021-02-14 10:20:16
481,Parasitol-spleen/marrow,Britta,385,2020-12-01 21:49:47
482,Destruct cornea les NEC,Garner,301,2021-10-11 19:27:46
483,Bile duct anastomos NEC,Phyllida,96,2021-02-08 11:36:50
484,Bile duct incision NEC,Rodrigo,465,2021-01-13 18:28:33
485,Cervical sympathectomy,Ned,62,2021-01-16 01:53:36
486,Local sm bowel perfusion,Matthiew,39,2020-11-01 19:16:36
487,Part gastrec w jej anast,Cacilie,4,2021-10-04 20:32:39
488,Intra-ab bowel manip NOS,Aubry,189,2021-09-05 04:01:54
489,Excision of elbow NEC,Florina,399,2021-09-16 18:36:49
490,Scler fistulizing op NEC,Ynez,463,2021-03-17 14:41:11
491,Pineal operation NEC,Clary,460,2021-09-11 17:57:52
492,Open reduction-femur fx,Salome,367,2021-03-06 07:38:10
493,Suture peptic ulcer NOS,Vita,350,2021-07-06 22:43:45
494,Toxicology NEC,Morgen,175,2021-05-12 21:23:59
495,Retinal tear laser coag,Jilleen,154,2021-07-15 23:33:20
496,Intranas les destruction,Kathryne,134,2021-02-03 18:42:03
497,Cervical repair NEC,Deni,477,2021-05-13 19:03:04
498,Open cereb meninges bx,Winnie,414,2020-12-08 04:20:22
499,Lo limb sft tis xray NEC,Elizabet,131,2021-08-22 04:47:28
500,Remove bile duct prosth,Kym,227,2021-01-15 19:23:33
501,Remov intralum rect FB,Georges,201,2021-05-11 13:07:19
502,Conjunctiva incision NEC,Darrell,396,2020-11-25 15:28:19
503,Bact smear-eye,Randell,216,2021-08-08 22:25:00
504,Incision of nose,Robyn,46,2021-04-01 22:58:21
505,Prosthet dental implant,Aindrea,6,2021-03-24 23:54:58
506,Fat graft to breast,Boy,57,2020-11-17 21:30:51
507,Excision eye lesion NOS,Lucio,388,2021-07-13 14:00:43
508,Destr phren-lung collaps,Blinni,72,2021-08-22 20:12:26
509,Pedicle graft advancemen,Darsey,396,2021-01-09 10:28:08
510,Exc of accessory spleen,Marcelo,488,2020-12-13 22:21:21
511,Exc of dental les of jaw,Manny,495,2021-08-07 14:13:47
512,Lap ing hern-graft NOS,Eustace,299,2021-07-04 14:28:27
513,Closure cholecystostomy,Kyla,346,2020-10-28 02:55:43
514,Thorac interposition NEC,Timmie,455,2021-10-08 20:07:55
515,Electroretinogram,Antonio,213,2021-01-25 18:11:04
516,Temporomand arthroplasty,Gabie,289,2021-09-12 17:37:49
517,Occlude aorta NEC,Elwood,456,2021-10-12 01:24:49
518,"Int insert 1-cham, rate",Justis,75,2021-08-09 13:46:32
519,Postop revis scl fistul,Monte,347,2020-12-24 08:29:36
520,Onychoplasty,Lydia,127,2021-02-23 22:31:51
521,Repair of tongue NEC,Carr,368,2021-09-21 04:11:49
522,Serum transfusion NEC,Andee,116,2021-10-15 14:24:06
523,Vagotomy NOS,Kerrie,491,2020-12-29 15:00:14
524,Toe reattachment,Tilda,266,2021-07-02 15:23:56
525,Sympath nerve inject NEC,Atalanta,191,2020-12-11 20:25:07
526,Nephropexy,Nestor,348,2021-04-23 12:31:15
527,Excis les tendon sheath,Louis,170,2021-02-03 07:27:59
528,Transureth prostatectomy,Audrey,396,2021-06-05 12:45:59
529,Open reduct tm dislocat,Anders,499,2021-03-21 18:48:05
530,Cholera vaccination,Merrily,199,2021-04-23 17:09:29
531,Sperm cord adhesiolysis,Culver,74,2021-09-30 09:39:40
532,Hymenectomy,Ezequiel,172,2021-09-15 02:06:06
533,Exc/dest intvrt disc NOS,Gilligan,442,2021-09-09 11:57:09
534,Clos transureth bladd bx,Massimiliano,51,2021-02-16 10:40:04
535,Transsac rectosigmoidect,Zeb,69,2021-01-09 22:53:45
536,Cl reduc disloc-foot/toe,Devondra,378,2020-10-22 22:27:48
537,Repair rectovag fistula,Loella,62,2021-03-10 17:15:40
538,Vasc shunt & bypass NEC,Lee,161,2021-04-16 15:15:26
539,Thigh reattachment,Eugenio,473,2021-08-27 13:16:17
540,Micro exam-upper GI NEC,Mignonne,186,2020-12-03 05:20:05
541,Parasitology NOS,Hillel,278,2020-12-21 14:36:55
542,Replace trach tube,Alwyn,153,2021-03-27 03:14:17
543,Partial splenectomy,Mortie,33,2021-03-25 08:52:08
544,Nasal lesion excis NOS,Darn,396,2020-12-27 01:17:56
545,Intestinal incision NOS,Kelsey,310,2021-04-28 23:25:58
546,Destruct chest wall les,Melisande,469,2021-08-30 23:02:21
547,Exc les sft tiss hnd NEC,Denice,487,2021-10-17 20:55:36
548,Body measurement,Dorie,346,2021-08-05 20:56:25
549,Clos branch cleft fistul,Juieta,102,2021-02-28 13:27:33
550,Ptosis rep-levat mus NEC,Alane,426,2020-12-29 05:22:53
551,Surg vessel occlus NEC,Jarvis,269,2020-11-07 01:26:17
552,Breast implant removal,Wyn,366,2021-09-20 07:25:59
553,Head/neck var v lig-str,Egon,379,2021-03-04 04:14:45
554,Part adrenalectomy NEC,Dorice,392,2021-06-27 22:01:39
555,Toxicology-bili/pancreas,Carolan,333,2020-11-24 23:05:32
556,Contrast x-ray of orbit,Elton,333,2021-07-22 01:17:26
557,Open robotic assist proc,Sawyer,406,2021-03-04 02:37:24
558,Suture cord & epid lacer,Ernesta,365,2020-12-22 03:36:19
559,Soft tissue inject NEC,Benito,199,2021-09-20 14:24:46
560,Rem crtd sinus pulse gen,Casar,401,2020-11-11 21:57:36
561,Irrigate/expl vent shunt,Burgess,347,2020-12-29 22:56:12
562,Urethral reanastomosis,Dominick,414,2021-06-17 12:47:28
563,Electron teleradiotherap,Aurora,70,2021-07-03 02:42:10
564,Skel xray-lower limb NOS,Colman,469,2021-06-04 22:59:11
565,Pulsation balloon implan,Maximilien,178,2021-10-15 14:56:28
566,Injection into testes,Michal,459,2021-10-07 12:06:25
567,Biliary tract x-ray NEC,Isa,225,2021-02-24 16:15:16
568,Surg tooth extract NEC,Minda,326,2021-06-23 03:26:57
569,Arthroplasty carpal wit,Jennica,109,2021-03-21 20:36:26
570,"Hip surface, metal/metal",Kyla,149,2021-01-24 04:35:35
571,Hyperthermia ca therapy,Rafaello,492,2021-02-10 02:33:44
572,Scrot/tunica dx proc NEC,Kailey,32,2021-08-23 14:12:52
573,Cardiac retraining,Wake,354,2021-08-25 19:57:15
574,Abd contr phlebogram NEC,Delmore,471,2021-09-10 04:46:51
575,Duodenal fistula closure,Gardner,120,2021-04-01 20:18:46
576,Osteoclasis-patella,Cassie,456,2021-04-02 12:38:23
577,"LITT lesn brain,guidance",Perry,356,2020-10-20 17:02:08
578,Endocervical biopsy,Dynah,59,2021-09-26 00:02:54
579,Adrenal lesion excision,Bee,102,2021-02-12 00:43:01
580,Replace ureteral stimul,Kristina,321,2020-11-04 11:14:00
581,Remov trunk packing NEC,Benji,195,2021-08-12 11:52:09
582,Hand sft tissu injec NEC,Dale,334,2021-08-20 11:39:15
583,Urinary system x-ray NEC,Joellyn,271,2021-10-06 16:20:20
584,Electronystagmogram,Michel,124,2021-04-09 22:55:49
585,Orthoptic training,Gisella,182,2021-05-03 00:29:05
586,Pulmon art press monitor,Donica,394,2021-04-29 16:49:21
587,Joint biopsy NEC,Moses,162,2021-06-29 16:21:31
588,Int/comb version no extr,Blondelle,417,2021-09-30 16:56:40
589,Salivary operation NEC,Renate,282,2021-03-12 22:54:31
590,Thoracostomy closure,Jennie,161,2021-08-22 14:32:50
591,Tarsal tunnel release,Meriel,397,2021-06-19 22:37:45
592,Salpingostomy,Uri,221,2021-03-08 15:10:07
593,Small bowel fixation NEC,Julius,395,2021-04-24 08:01:19
594,Pyloromyotomy,Fabien,128,2021-03-14 05:26:14
595,Pancreatic operation NEC,Stacy,408,2021-08-19 15:19:04
596,External ear biopsy,Viviene,195,2021-02-16 12:09:02
597,Ptosis rep-levat mus NEC,Amery,88,2021-01-03 15:56:34
598,Entropion/ectrop rep NEC,Chadwick,487,2021-08-14 18:06:52
599,Tm contrast arthrogram,Vasili,234,2021-05-01 08:23:23
600,Breast tissu destruc NOS,Dudley,490,2021-04-13 03:35:30
601,Oral cavity dx proc NEC,Fanya,224,2021-08-17 21:34:34
602,Bronch/trach lavage NEC,Niko,364,2021-02-10 18:28:28
603,Anal sphinct repair NEC,Reinhard,488,2020-12-09 02:41:41
604,Closed ureteral biopsy,Mallorie,293,2021-04-21 09:38:16
605,Oth lap loc exc dest ova,Oriana,275,2021-04-11 04:45:48
606,Cell blk/pap NOS,Lissy,208,2021-09-14 03:57:50
607,Uvula and soft palate bx,Em,154,2020-11-29 12:44:03
608,Remov other genit device,Caleb,222,2021-10-16 11:34:23
609,Pancreatic heterotranspl,Dewitt,237,2021-08-25 02:11:41
610,Prosthetic evaluation,Merci,33,2021-03-18 22:46:41
611,Remov imp device-patella,Ailyn,480,2020-12-28 16:23:42
612,Exc maj les lid ful-thic,Joycelin,487,2021-06-11 05:05:56
613,Loc exc bone les femur,May,223,2021-04-19 15:03:39
614,Cls red-tibia/fib epiphy,Lura,183,2021-01-15 00:38:31
615,Radical abd hyst NEC/NOS,Tyne,156,2021-02-18 13:42:13
616,Bone graft NOS,Cthrine,322,2021-03-12 22:43:35
617,Endosc dilation ampulla,Lambert,286,2021-08-08 13:44:29
618,Other tenotomy,Erinna,238,2021-06-10 20:06:23
619,Paraurethral suspension,Shurlocke,114,2020-12-23 19:56:45
620,Bact smear-blood,Chick,211,2021-06-28 03:07:57
621,Bil fem hern repair NEC,Diandra,349,2021-05-29 04:35:02
622,Respiratory measure NEC,Cedric,236,2021-03-04 02:58:21
623,Remov intralum ear FB,Bertrando,255,2021-08-28 05:48:39
624,Cl fx reduc-tibia/fibula,Tanney,32,2020-10-20 12:24:39
625,Isotope inject/instill,Arda,209,2021-03-06 05:27:29
626,Tot ostectomy-femur,Darb,70,2020-12-06 12:43:16
627,Chorioret les rad implan,Vina,177,2021-01-05 06:16:25
628,Other pleural excision,Gradey,398,2021-05-17 14:16:21
629,Denture fitting,Briny,62,2021-06-12 18:04:01
630,Percu bx gb/bile duct,Max,297,2020-10-22 22:24:11
631,Lid reconst w muc graft,Marjie,478,2021-03-20 04:20:21
632,Diphtheria toxoid admin,Carie,471,2021-05-05 08:30:02
633,Aspiration of bursa,Gery,53,2021-08-27 00:26:25
634,Referral for drug rehab,Margit,330,2020-10-27 07:46:25
635,Repair retina detach NEC,Parke,365,2021-03-04 20:25:49
636,Vitreous operation NEC,Rianon,136,2021-05-22 23:46:12
637,Open reduc-dislocat NEC,Blondie,264,2021-08-29 17:21:35
638,Shoulder struct division,Artur,361,2021-10-17 03:17:35
639,Oth arthrotomy-wrist,Jolee,401,2021-02-19 01:07:45
640,Spinal cord adhesiolysis,Holly-anne,245,2021-02-25 21:28:59
641,Clos mediastinal biopsy,Kakalina,295,2020-11-17 03:23:30
642,Hemorrhoid cryotherapy,Bone,81,2021-07-09 05:08:47
643,Thermcaut scler w iridec,Malachi,276,2021-05-04 22:46:17
644,Larynx cyst marsupializ,Andria,56,2021-10-13 00:08:56
645,Other tibia/fibula incis,Martin,423,2020-12-20 01:09:16
646,Surg collaps of lung NEC,Meryl,334,2021-05-20 07:22:32
647,Other humerus incision,Farand,476,2021-07-29 21:13:06
648,Rem cath cranial cav/tis,Bibbye,459,2021-04-28 13:40:18
649,Thorac var v lig-strip,Mead,100,2021-06-28 13:44:03
650,Larynx cyst marsupializ,Wini,260,2021-07-19 05:44:17
651,Metacar/car wedg osteoto,Tamar,153,2021-06-17 09:10:19
652,Vaginal const w grf/pros,Selle,208,2021-08-29 03:38:19
653,Reimplan aberr renal ves,Tonie,190,2021-04-11 01:55:26
654,Excise bone for grft NOS,Jamesy,119,2021-03-15 20:48:39
655,Cl fx reduc-femur,Tiff,418,2021-03-16 23:58:17
656,Injection into heart,Hermie,294,2021-06-29 16:20:48
657,Vessel operation NEC,Marsh,125,2020-12-20 01:54:32
658,Repair of rectum NEC,Calv,109,2021-06-18 02:07:22
659,Man replace invert uter,Johnette,318,2021-02-21 14:09:13
660,Insert intestinal tube,Jillian,494,2021-01-03 19:16:12
661,Sphinct of oddi op NEC,Tessie,158,2021-02-07 23:57:36
662,Contr phlebogram-hd/neck,Constantin,201,2020-11-03 09:22:07
663,Other pneumonectomy NOS,Franz,352,2020-11-20 09:19:06
664,Destruct cornea les NEC,Ric,481,2021-06-09 09:25:18
665,Allotrnsplnt islets lang,Allen,309,2021-07-25 22:17:11
666,Destroy loc lung les NEC,Evania,139,2021-07-21 22:35:00
667,Ankle joint biopsy,Antonella,463,2021-08-27 01:55:58
668,Perirectal excision,June,334,2020-12-04 06:39:11
669,Shoulder disarticulation,Leanora,216,2021-07-26 04:51:05
670,Bilateral nephrectomy,Damon,240,2021-08-13 09:10:47
671,Imp/rep CRT defib genat,Humfrid,417,2020-12-24 01:01:45
672,Hysteroscopy,Ripley,459,2020-12-26 01:46:28
673,Tendon sheath explorat,Danika,408,2021-06-22 22:06:57
674,Transsac rectosigmoidect,Linda,110,2021-07-14 13:32:49
675,GI ostomy irrigation,Rani,113,2021-08-07 03:52:46
676,Pressure dressing applic,Stillmann,441,2021-09-13 12:08:58
677,Bone division NEC,Rudolf,180,2021-02-16 08:55:24
678,Amputation thru humerus,Lianne,342,2021-08-02 22:27:28
679,Urethral reanastomosis,Belva,231,2020-12-07 16:56:24
680,Open fx reduction NOS,Catarina,72,2021-08-02 03:56:17
681,Radius/ulna inj op NOS,Sonni,226,2021-02-21 05:20:08
682,Intestinal incision NOS,Rosemaria,452,2020-12-14 05:06:09
683,Salpingo-salpingostomy,James,344,2021-04-30 15:51:33
684,Extracorporeal circulat,Worthington,213,2021-07-28 23:39:34
685,Injec air-periton cavity,Daile,23,2021-02-22 20:32:26
686,Graft repair ventric def,Devora,101,2021-05-29 22:00:37
687,Incision of bronchus,Reginald,398,2020-12-03 20:43:33
688,Arbovirus vaccinat NEC,Letitia,486,2021-07-16 07:15:44
689,Epiglottidectomy,Whittaker,177,2020-12-02 01:22:32
690,Conjunctivoplasty NEC,Mary,69,2021-02-12 19:21:09
691,Other C.A.T. scan,Marne,432,2020-11-04 08:40:48
692,Oth larynx dx procedure,Don,208,2021-03-03 07:30:50
693,Accessory-facial anastom,Hurlee,435,2021-06-04 15:52:54
694,Bone graft to humerus,Ilene,154,2021-04-18 06:20:43
695,Remove penetrat cerv FB,Cozmo,365,2021-04-01 16:57:27
696,Rep vess w synth patch,Dasi,228,2021-06-27 20:32:06
697,Opn/oth rep hrt vlv NOS,Nester,231,2021-02-03 08:58:02
698,Radical cystectomy,Pierette,149,2020-11-12 11:07:05
699,Thyroid isthmus division,Tallou,1,2021-01-16 14:16:14
700,Abd wall suture NEC,Wynn,470,2020-11-08 18:56:25
701,Ins part disc pros lumb,Staci,490,2021-02-28 11:37:15
702,Peripheral nerve graft,Marielle,70,2021-02-14 07:20:21
703,Remov urin drainage NEC,Freedman,65,2021-05-06 14:51:17
704,Hand tend pulley reconst,Veronica,210,2021-09-14 10:28:41
705,Mus/ten/fas/bur op NEC,Inez,354,2021-03-05 05:27:53
706,Open reduc-humerus fx,Elladine,208,2020-12-29 02:29:47
707,Hemorrhoid cryotherapy,Jaine,78,2020-12-16 16:45:35
708,Replace ureteral stimul,Elana,445,2021-02-28 04:07:27
709,Latiss dorsi myocut flap,Tonnie,165,2021-06-08 03:58:19
710,Suture esophageal lacer,Kienan,433,2021-08-09 20:55:29
711,C & s-lower GI,Marjy,175,2021-06-29 00:18:17
712,Cl reduct malar/zygo fx,Phillipe,224,2021-06-29 20:55:42
713,Stapedectomy revis NEC,Maud,283,2021-02-13 05:57:38
714,Routine psychiat visit,Eldon,482,2020-11-08 14:55:12
715,Metatar/tar wedg osteot,Dallis,407,2021-09-07 12:53:12
716,Refusion of atlas-axis,Lesli,33,2021-06-27 14:33:45
717,Replace ureteral stimul,Lionello,234,2020-12-19 21:04:23
718,Levator musc suspension,Elaina,367,2021-05-16 14:32:40
719,Anterior chamber op NEC,Tarah,231,2020-10-24 18:54:36
720,Ex cereb meningeal les,Deidre,17,2020-11-05 11:38:53
721,Post sphincterotomy,Shaughn,486,2020-11-30 03:07:23
722,Imp/repl spine stim lead,Shea,327,2021-09-23 11:54:04
723,Botulism antitoxin admin,Sharlene,148,2021-06-25 11:11:50
724,Revise or remove pacemak,Gaston,106,2021-06-08 13:39:03
725,Endosc inser stent bile,Bran,174,2020-12-22 14:17:04
726,Unil subq mammect-implnt,Jacintha,285,2021-05-22 11:47:22
727,Adm neuroprotective agnt,Hagan,366,2021-03-25 18:21:08
728,Percut vertebral augment,Salvador,44,2021-02-22 00:05:11
729,Bronchial fistula clos,Roberta,316,2021-04-09 00:02:38
730,Hand muscle reattachment,Lissa,216,2021-06-15 18:29:10
731,Closed pancreatic biopsy,Skipp,59,2020-12-08 18:49:26
732,Bursotomy of hand,Everett,439,2021-09-28 04:09:11
733,Ext fat for grft/banking,Rodney,412,2020-12-24 21:51:18
734,Closed intra-abd mass bx,Lindsey,484,2021-06-07 04:12:34
735,Rect/perirect dx op NEC,Audrye,405,2021-02-27 12:09:50
736,Suture of rectal lacer,Audra,184,2020-11-29 00:48:17
737,Lung vol reduction surg,Timmy,417,2021-02-26 00:08:48
738,Educational therapy,Simone,363,2021-08-06 02:44:47
739,Lap simple suture ovary,Taber,430,2021-07-19 20:53:35
740,Thomas' splint traction,Danell,380,2021-07-31 17:28:15
741,Clos biliary fistul NEC,Lemmy,402,2021-08-07 05:55:53
742,Remov trunk device NEC,Zenia,284,2020-12-31 15:19:49
743,Pleural biopsy NEC,Terence,173,2021-08-03 17:05:15
744,Lt heart angiocardiogram,Devi,138,2020-10-21 01:03:42
745,Culture-upper GI,Cristine,371,2021-05-02 23:22:44
746,Partial esophagectomy,Caroline,183,2020-11-28 09:41:08
747,Ext ear diagnos proc NEC,Fletch,196,2021-07-30 05:22:37
748,Size reduct plastic op,Flo,422,2021-07-02 19:22:27
749,Radioactive elem implant,Trefor,387,2021-04-13 10:01:52
750,Hepatic duct-gi anastom,Waring,348,2021-03-21 03:19:55
751,Drug detoxification,Margery,332,2021-06-04 18:35:16
752,Rep vaginoent fistul NEC,Nobie,453,2021-06-17 23:26:44
753,Other muscle/fasc suture,Ezekiel,372,2021-05-01 23:26:52
754,Tonsil&adenoid dx op NEC,Dorie,313,2021-04-26 08:02:44
755,Revise spine theca shunt,Bartholomeus,335,2021-08-01 00:55:00
756,Leg artery excision,Franny,165,2021-03-29 09:16:02
757,Cystostomy irrigation,Garreth,200,2021-02-04 06:55:57
758,Audit & vestib test NEC,Ginni,94,2021-06-24 20:17:40
759,Choledochohepat intubat,Jessie,68,2021-03-29 06:49:51
760,Revis ant seg op wnd NEC,Jamie,195,2021-03-29 16:14:19
761,C-luc exc max sinus les,Tessy,85,2021-04-27 19:19:06
762,Perc transmyo revascular,Glynnis,374,2021-04-15 04:31:58
763,"Endo em hd/nk,bioac coil",Yolanthe,230,2021-08-02 14:16:18
764,Rev/reloc card dev pockt,Lavina,81,2020-11-20 02:20:49
765,Anesth injec periph nerv,Kristo,338,2020-11-03 01:06:36
766,Elbow structure division,Kirsten,279,2021-03-14 18:16:05
767,Aspiration of breast,Marcelia,249,2021-06-29 05:37:44
768,Proctotomy,Gerianne,66,2021-08-18 02:41:58
769,Duhamel rectal resection,Cletis,469,2021-08-25 07:07:34
770,Oth repair han/fin/wris,Karoly,339,2021-09-13 17:02:25
771,Incis larynx trachea NEC,Joceline,45,2021-07-15 01:15:27
772,Remov trunk device NEC,Willis,125,2021-01-24 18:53:17
773,Loc exc bone les patella,Kathrine,13,2021-08-07 00:18:11
774,Arbovirus enceph vaccin,Maurizio,22,2021-08-11 15:50:31
775,Lap left hemicolectomy,Nannette,85,2021-09-10 20:19:31
776,Diagnostic asp of orbit,Samuele,279,2020-11-08 19:07:17
777,Insert 1 vascular stent,Egor,178,2021-05-19 16:31:09
778,Remov vas deferens valve,Patricia,296,2021-07-12 17:04:03
779,Revise or remove pacemak,Thorn,297,2021-08-03 08:00:41
780,Pharyngeal operation NEC,Hasty,4,2021-03-30 06:00:39
781,Thymus transplantation,Lamont,231,2021-07-28 01:40:33
782,Proximal pancreatectomy,Aldon,260,2021-09-28 21:44:19
783,Mastoidectomy revision,Timoteo,46,2021-10-05 17:22:44
784,Brief interview & evalua,Terrye,330,2021-05-24 15:37:14
785,Loc exc bone lesion NOS,Alexa,188,2021-06-30 10:33:08
786,Other bronchial excision,Ellerey,482,2021-07-22 17:06:00
787,Inject steroid,Solly,480,2021-01-26 22:46:09
788,Other bronchial excision,Kelley,270,2020-11-08 18:50:09
789,"Brnc thrmplsty,ablt mscl",Murray,369,2021-06-30 09:31:44
790,Irrigation of ear,Tove,364,2021-02-14 10:42:16
791,Excise epididymis cyst,Kassi,138,2021-09-03 06:31:41
792,Bronchial dilation,Wendye,399,2020-12-17 00:38:42
793,Breast implant revision,Mordecai,442,2021-02-21 00:11:40
794,Postop revis scl fistul,Stephen,140,2021-08-07 13:27:18
795,Parasitology NEC,Allison,131,2021-08-27 07:27:23
796,Tonsil&adenoid dx op NEC,Earvin,148,2020-11-28 19:45:55
797,Canthotomy,Jennica,374,2020-12-15 14:41:56
798,Ing hernia rep-graft NOS,Allene,341,2021-02-06 04:59:49
799,Opn reduct malar/zygo fx,Del,441,2021-07-13 11:08:14
800,Closed gastric biopsy,Davis,231,2021-10-11 17:44:10
801,Keratoprosthesis,Codee,33,2020-10-29 08:03:02
802,Therapeu plasmapheresis,Jorrie,278,2021-01-06 22:50:03
803,Imp bivn ext hrt ast sys,Vanni,280,2021-05-19 16:46:37
804,Culdocentesis,Nehemiah,392,2021-06-22 09:07:20
805,Destruc-foot jt les NEC,Rivi,135,2021-07-17 20:29:53
806,Open cecectomy NEC,Felita,58,2021-09-01 04:33:56
807,Int insert dual-cham dev,Annnora,192,2021-08-08 20:36:48
808,Hand synovectomy,Siffre,403,2020-11-13 02:57:48
809,Bilat endosc crush tube,Drugi,239,2021-09-03 08:17:45
810,Nasal laceration suture,Lenette,433,2021-02-23 05:12:13
811,Kidney transplant NEC,Whitman,47,2021-01-22 12:17:44
812,Urethroscopy NEC,Tanitansy,10,2021-03-07 23:39:45
813,Hand plastic op NEC,Torie,397,2021-07-04 14:45:25
814,Percutaneous pyelogram,Tammy,359,2020-11-03 17:09:47
815,Destruc-wrist lesion NEC,Gus,436,2021-06-09 11:43:25
816,Manl reduct stoma prolap,Shepherd,228,2020-11-16 06:32:05
817,Intracran ves resec-repl,Nicolais,490,2021-03-06 18:30:11
818,Seg osteoplasty maxilla,Hugibert,48,2021-01-02 10:01:37
819,Drug addict counselling,Kacy,268,2021-06-25 07:47:53
820,Leg vein excision,Nerti,346,2021-09-11 00:45:15
821,Excise ciliary body les,Myrlene,475,2021-07-25 02:27:47
822,Part excis pituitary NOS,Helenka,231,2021-08-09 08:50:42
823,Sinus aspirat/lavage NOS,Cecil,351,2021-09-17 14:41:29
824,Mouth biopsy NOS,Kim,75,2020-11-01 12:45:17
825,Oth thorac op thymus NOS,Beniamino,273,2021-03-10 07:36:42
826,Abdomen wall repair NEC,Kelwin,223,2021-02-19 18:29:37
827,Instrument delivery NOS,Debee,364,2020-11-12 17:46:49
828,Intcran var v lig-strip,Brooke,428,2021-08-30 12:30:16
829,Ureterotomy,Lynea,330,2021-08-02 10:18:22
830,Vaginal suspens & fixat,Ingrid,14,2021-05-27 09:12:40
831,Rev knee repl-tibia comp,Julian,119,2021-10-13 19:33:55
832,Bact smear-nervous syst,Butch,424,2021-03-21 02:58:27
833,Abltn lung tiss NEC/NOS,Jabez,323,2021-01-03 18:23:48
834,Subarach-periton shunt,Valentijn,270,2021-08-27 03:40:15
835,Cl reduc disloc-wrist,Xylia,176,2021-03-18 06:23:35
836,Dx ultrasound-abdomen,Kerr,404,2021-08-22 04:33:58
837,Skel xray-lower limb NOS,Seka,348,2021-02-16 02:06:41
838,Endocervical biopsy,Abbot,96,2021-03-03 13:42:29
839,Ins d-e stent oth periph,Carney,363,2021-05-25 11:27:46
840,Oth arthrotomy-ankle,Che,210,2021-09-21 10:26:14
841,Remov skel musc stimulat,Elisabet,499,2021-02-02 13:29:43
842,Prolapsed iris excision,Salome,253,2021-03-12 23:48:11
843,Trabecul carneae cord op,Beverie,498,2021-04-28 01:09:25
844,Thorac seg lung resect,Birgitta,125,2021-04-09 01:28:53
845,Male sterilization NOS,Valentin,36,2021-06-28 17:44:40
846,P32 & eye tracer NEC,Dita,458,2021-06-20 15:30:16
847,Insert uterine device,Constantia,235,2020-11-25 22:12:31
848,Electrocoag rect les NEC,Milo,69,2021-04-12 14:39:59
849,Revis enuc socket w grft,Meredith,34,2021-03-04 19:10:02
850,Penile diagnost proc NEC,Latashia,124,2021-05-05 11:39:58
851,Small bowel fixation NEC,Corabelle,243,2021-02-12 17:54:10
852,Imp bivn ext hrt ast sys,Luciano,376,2021-08-03 18:57:56
853,Implant leg prosthesis,Gannie,265,2021-09-24 22:29:18
854,Chalazion excision,Clemens,480,2021-04-29 13:50:34
855,Ligation of vas deferens,Samara,267,2021-08-05 02:50:43
856,Lap biopsy of ovary,Hedvige,212,2021-10-03 19:46:44
857,Fetal pulse oximetry,Talyah,173,2020-11-22 23:19:05
858,Other post segment ops,Diane-marie,80,2020-11-16 18:40:56
859,Prostatic operation NEC,Erin,8,2021-04-14 20:43:09
860,Appl ext fix-metacar/car,Trumann,253,2021-06-01 21:43:42
861,Robotic ast proc NEC/NOS,Jackie,167,2021-09-06 06:41:02
862,Extraperitoneal c-sect,Ediva,140,2021-08-11 22:57:38
863,Alveolus biopsy,Pia,196,2020-10-22 21:05:08
864,Intralum vag adhesiolys,Antonino,476,2021-03-23 02:01:29
865,Fetal ops-facilitate del,Iona,151,2021-08-26 20:45:07
866,Oth arthrotomy-shoulder,Rosa,142,2021-07-22 15:05:11
867,Prosthet/orthot training,Skippie,365,2020-12-30 12:01:43
868,Remov intralum nose FB,Debby,483,2021-06-29 16:55:21
869,Close ureter fistula NEC,Shirlee,460,2021-09-09 22:28:16
870,Injection into bursa,Danell,336,2021-04-26 07:29:26
871,Bact smear-lower resp,Lockwood,194,2021-09-16 21:57:40
872,Heart aneurysm excision,Giacomo,266,2021-07-31 04:38:08
873,Bact smear-peritoneum,Miltie,217,2021-03-06 02:12:41
874,Abdomen wall repair NEC,Alf,251,2021-01-17 02:16:59
875,Ocular thermography,Loren,286,2020-12-22 02:45:06
876,Pyelostomy,Ashli,118,2021-10-13 22:34:21
877,Digital exam of uterus,Sasha,227,2021-07-05 01:40:51
878,Vulvar biopsy,Kathe,390,2021-05-19 18:51:44
879,Endosc lg bowel thru st,Juliette,462,2020-11-05 01:53:16
880,Spermatocele aspiration,Miran,286,2020-11-21 00:42:18
881,Oth transmyo revascular,Janot,105,2021-06-01 16:08:10
882,Intra-abd venous shunt,Merna,28,2021-06-23 05:24:53
883,Orthotic device fitting,Catharina,388,2021-02-19 04:07:57
884,Destruc lg bowel les NEC,Heindrick,346,2021-06-16 02:41:12
885,Unilat lung transplant,Danny,362,2021-03-18 10:24:49
886,Esophagomyotomy,Hewie,392,2020-11-15 14:05:23
887,Paracerv uterine denerv,Maude,161,2021-10-14 05:40:07
888,Whirlpool treatment,Rudolph,281,2021-01-16 18:23:04
889,Neurolyt injec-symp nrv,Dorella,271,2020-11-28 02:32:58
890,Excision of joint NEC,Payton,109,2021-02-28 09:02:49
891,Muscle or fascia graft,Rourke,15,2021-10-11 16:42:25
892,Control anal hemorrhage,Isidro,303,2021-02-17 20:54:54
893,Ex cereb meningeal les,Sheelah,29,2021-07-10 05:26:12
894,Dilation anal sphincter,Niels,388,2021-06-08 13:53:42
895,Limited interview/evalua,Geneva,477,2020-12-13 12:31:34
896,Reconstruction of penis,Mackenzie,9,2021-09-09 07:54:25
897,Magnet remove FB lens,Brigida,248,2021-03-28 16:49:53
898,Thumb reattachment,Raff,365,2021-09-23 13:27:11
899,Pectus deformity repair,Obie,466,2021-04-21 11:40:20
900,Osteoclasis-femur,Albertina,20,2021-08-12 10:48:44
901,Complete laryngectomy,Dallis,102,2020-12-29 09:20:56
902,Abdperneal res rectm NOS,Marthena,330,2021-02-26 07:50:00
903,Opn reduc disloc-ft/toe,Godfrey,370,2020-11-02 15:16:19
904,Closed lung biopsy,Minnaminnie,289,2021-05-22 13:23:42
905,Bact smear-nervous syst,Westbrook,3,2021-09-02 00:18:36
906,Dialysis arteriovenostom,Karin,355,2021-03-29 03:20:44
907,Endovas repl aortc valve,Sterling,197,2021-06-11 21:12:04
908,Hymenectomy,Jaquenetta,275,2021-08-17 03:41:03
909,Aspir soft tiss hand NEC,Joye,155,2021-01-04 23:22:29
910,Abdominal proctopexy,Iris,261,2021-02-16 06:46:46
911,Ptosis rep-fron mus slng,Hernando,155,2020-10-23 15:14:50
912,Remov other genit device,Michaella,41,2021-04-24 06:02:45
913,Repair of tongue NEC,Carmon,447,2021-06-10 03:59:12
914,Shoulder arthroplast NEC,Flossy,84,2021-08-04 16:22:40
915,Vagin/cul-de-sac dx NEC,Murvyn,96,2021-01-24 12:44:50
916,Pelvic evisceration,Jakie,313,2020-11-22 00:58:01
917,Rectorectostomy,Reggie,60,2020-11-20 19:33:48
918,One extraoc mus recess,Elbertine,113,2021-10-01 23:26:06
919,Other ext ear operations,Jobie,224,2021-02-08 12:09:35
920,Male genital x-ray NEC,Myrtle,259,2021-01-25 15:56:18
921,Remov imp dev-metac/carp,Dionis,92,2021-05-17 12:46:35
922,"Exc/des hrt les,endovasc",Kirsteni,247,2021-02-16 10:37:57
923,Renal repair NEC,Bernetta,20,2021-06-26 11:52:51
924,Reduction facial fx NOS,Brook,371,2021-05-28 08:34:34
925,Incision of bronchus,Myrle,401,2020-11-17 12:45:35
926,Intra-op electron rad rx,Cameron,64,2020-12-05 21:07:50
927,Venous puncture NEC,Quinton,437,2020-10-27 09:34:29
928,Thoracoscopic pleural bx,Agata,82,2021-06-10 07:25:16
929,Unilat breast implant,Kai,285,2020-12-20 19:26:36
930,Sutur flex tend hand NEC,Euell,465,2020-11-30 01:33:58
931,Leg vein resect w replac,Pryce,356,2021-02-20 08:33:52
932,Ins strn fix w rgd plate,Jori,369,2021-03-12 14:35:04
933,Rejected kidney nephrect,Chloris,341,2021-10-07 05:39:18
934,Chemonucleolysis iv disc,Addy,8,2021-06-19 08:06:46
935,Toxicology-spleen/marrow,Elias,16,2021-08-20 22:19:54
936,Insert biological graft,Crichton,364,2021-01-31 23:19:20
937,Micro exam-musculosk NEC,Shel,368,2021-04-23 08:00:57
938,Los excis prostatic les,Jena,486,2021-08-15 14:43:59
939,Rep recur shlder disloc,Daron,228,2020-11-29 09:42:32
940,Chorioret les p/coag NOS,Ashton,310,2021-07-18 16:53:19
941,Other pyloroplasty,Devi,85,2021-03-24 00:32:25
942,Immunotherapy as antineo,Rosemonde,245,2021-09-19 11:13:31
943,Resp tract intubat NEC,Gratia,189,2021-04-15 06:51:30
944,Perc ins intracran stent,Merralee,471,2021-09-12 10:56:06
945,Lung vol reduction surg,Robbi,98,2021-02-02 00:34:17
946,Peritoneal lavage,Tannie,38,2021-08-02 01:13:54
947,Narcoanalysis,Nefen,403,2020-12-24 12:08:10
948,PlEuroperitoneal shunt,Dominik,429,2021-08-03 09:00:00
949,Remov skel musc stimulat,Eolanda,4,2021-03-14 15:04:06
950,Contr thor arteriogr NEC,Dacia,350,2020-11-25 19:24:49
951,Total knee replacement,Elisabetta,335,2021-05-25 00:28:23
952,Bunionect/sft/arthrodes,Torie,84,2021-06-04 14:38:47
953,Opn/oth repl tcspd valve,Irita,207,2020-11-29 07:05:42
954,Perineal urethroscopy,Glennis,239,2021-07-03 09:51:23
955,Thoracic vessel excision,Kristine,338,2021-07-13 20:48:27
956,Retina tear photocoa NOS,Niven,86,2021-01-29 04:34:22
957,Trachea fistula clos NEC,Hobie,410,2021-03-09 12:47:06
958,Lysis cortical adhesion,Lester,173,2021-01-29 19:15:00
959,Testicular les destruct,Marmaduke,234,2021-01-12 16:39:17
960,Remov intralum gastr FB,Karina,228,2021-06-01 20:09:05
961,Diather/cryo turbinectom,Binni,227,2020-12-13 10:16:49
962,Perc abltn liver les/tis,Godiva,199,2020-12-29 22:07:29
963,Loc exc bone les patella,Lucie,221,2020-11-04 16:32:33
964,Dyslexia training,Morty,53,2020-11-23 12:07:40
965,Forced limb extension,Jo ann,61,2020-10-26 06:13:24
966,Imp tot int bi ht rp sys,Karolina,131,2021-01-05 19:43:34
967,Adrenal nerve division,Jdavie,244,2021-09-11 09:11:33
968,Cardiac biopsy,Andrea,140,2020-11-18 10:40:46
969,Destruct abd wall lesion,Gilly,267,2021-02-02 20:22:21
970,Lap marsup ovarian cyst,Sydel,288,2021-07-02 01:44:12
971,Part ostect-metatar/tar,Hadria,56,2020-10-20 03:06:27
972,Intracran pressure montr,Marty,44,2021-08-15 17:00:34
973,Replace gast/esoph tube,Levey,28,2020-12-01 19:29:25
974,Other isotope function,Gwynne,261,2021-09-10 11:48:08
975,Cord bld stem cell trans,Wylie,308,2021-08-12 08:44:36
976,Closed biopsy trachea,Hasty,161,2020-10-24 10:53:17
977,Up limb sft tis xray NEC,Matty,255,2020-12-21 22:11:41
978,Skull transilluminat,Niki,318,2020-12-05 19:10:43
979,Psychiat drug therap NEC,Hurley,152,2021-03-26 11:53:07
980,Abd wall suture NEC,Paula,102,2021-10-02 21:14:45
981,Stern esophagoesophagost,Tris,27,2021-09-05 23:09:33
982,Ligate thoracic duct,Yetty,497,2021-01-29 06:18:00
983,Micro exam NEC,Hubie,49,2021-06-01 05:33:46
984,Stapedectomy revis NEC,Ronna,173,2021-03-03 09:23:48
985,Endosc destruc anus les,Karin,153,2021-06-18 07:41:30
986,Open biopsy nasal sinus,Yovonnda,240,2021-01-23 19:20:18
987,Chest cage bone div NEC,Theodore,16,2020-12-19 10:51:09
988,Esophagoscopy thru stoma,Kial,54,2021-07-18 00:33:58
989,Tot breech extrac NEC,Jehanna,365,2021-06-17 05:45:09
990,Other hernia repair,Daile,252,2021-06-05 08:36:50
991,Opn pulmon valvuloplasty,Bentlee,32,2021-06-20 04:57:36
992,Vag diaphragm insertion,Dun,355,2020-12-18 00:49:02
993,Percutan liver aspirat,Rouvin,321,2021-01-02 16:24:11
994,Part brch extrac w forcp,Jewell,379,2021-01-23 14:55:05
995,Incision of heart NOS,Efren,392,2021-10-01 03:29:38
996,Omental repair NEC,Jess,93,2021-01-09 12:42:38
997,Ureterectomy NOS,Gwynne,445,2020-12-06 22:30:33
998,Vag reconst w grft/pros,Catie,10,2021-01-17 21:46:36
999,Clos reduction nasal fx,Emili,335,2021-07-01 03:20:29
1000,Ext auditory canal incis,Clyve,43,2021-06-30 11:07:14
